train_loss,train_acc,val_loss,val_acc,epoch_time,lr
1.371281556974473,0.5119569300112683,1.2713776356061774,0.533532041728763,175.0314483642578,0.001
1.2742103982422488,0.5428821835482659,1.2001862762818807,0.5787382016890213,152.1996111869812,0.001
1.2300460732324976,0.5552773256541881,1.1730496918924165,0.5692995529061102,158.1045627593994,0.001
1.1996303814380178,0.5636659571804182,1.1661408314702526,0.5707898658718331,156.6618447303772,0.001
1.1689209989541998,0.5796919994991862,1.1100958746224567,0.5876800794833582,164.4456353187561,0.001
1.1563716976696639,0.5872042068361086,1.1244547714123487,0.5901639344262295,150.62314534187317,0.001
1.1538588043982803,0.5949668210842619,1.1235573426799519,0.5846994535519126,144.0643720626831,0.001
1.144233431493115,0.5929635657944159,1.0675807336758927,0.6075509190263289,143.1096053123474,0.001
1.13078917405685,0.5998497558532615,1.076410064872556,0.6030799801291604,164.89905381202698,0.001
1.1252617551221618,0.5979717040190309,1.0969163329223466,0.5866865375062096,152.387633562088,0.001
1.1150411352192457,0.6017278076874921,1.0623542864525193,0.6120218579234973,143.9241361618042,0.001
1.0951994855651364,0.6051083009891073,1.078874116623751,0.596621957277695,137.4986879825592,0.001
1.087779139515693,0.6076123701014148,1.04722308863826,0.61351217088922,141.53016805648804,0.001
1.089406291802983,0.6072367597345687,1.065779049480607,0.6150024838549428,134.20739579200745,0.001
1.0804810551897341,0.6073619631901841,1.0236904489656498,0.6254346746150025,132.9577407836914,0.001
1.0707977949207292,0.6148741705271066,1.1102579578024443,0.591157476403378,137.29096698760986,0.001
1.0631690995481564,0.6156253912607988,1.0395081418696412,0.6259314456035767,137.4010944366455,0.001
1.0580660532513981,0.6172530361837987,1.0402692939532792,0.618976651763537,140.75116610527039,0.001
1.0538499692481287,0.6220107674971829,1.029326085006782,0.6219572776949827,139.29564762115479,0.001
1.0204870648746482,0.6276449229998748,0.9951446032678081,0.6313959264778937,141.59630942344666,0.0005
1.016825020052068,0.6336546888694128,0.9867348274187371,0.6403378042722305,137.38204550743103,0.0005
1.0142608259651678,0.6326530612244898,0.9853881437033489,0.6338797814207651,139.02508282661438,0.0005
1.004328543490308,0.6401652685614123,0.982946645899667,0.6368604073522106,141.24536204338074,0.0005
1.0025082344075713,0.6376611994491048,0.9866040225533543,0.6378539493293591,139.91870212554932,0.0005
0.993792663143531,0.6427945411293352,0.9670734900594409,0.6423248882265276,144.88659930229187,0.0005
1.0050034649950907,0.6449229998747965,0.9613133317726617,0.644808743169399,147.09797978401184,0.0005
0.9913243024298765,0.6456742206084888,0.9614703778419931,0.6502732240437158,143.43426036834717,0.0005
0.987908132834176,0.647427068987104,0.9861184808074451,0.6418281172379533,144.86565017700195,0.0005
0.9817855119764902,0.6442969825967196,0.9653151542229612,0.646795827123696,144.7607343196869,0.0005
0.9832749859298948,0.6461750344309503,0.9594921102822271,0.6418281172379533,143.56221723556519,0.0005
0.9814896432138793,0.6469262551646425,0.967453551185824,0.6492796820665673,144.79223728179932,0.0005
0.9731410525312886,0.6461750344309503,0.9736789209713583,0.641331346249379,144.67287611961365,0.0005
0.9673245440992707,0.6476774758983348,0.9448715626630864,0.6527570789865872,151.5311563014984,0.0005
0.9677476008155997,0.6538124452234881,0.9536293245818682,0.6557377049180327,157.02551531791687,0.0005
0.9622974242915704,0.6520595968448729,0.9742319919076419,0.6408345752608048,153.9460792541504,0.0005
0.9688222420832027,0.6531864279454113,0.9769810779853892,0.646795827123696,154.76290321350098,0.0005
0.9677805342810972,0.6533116314010267,0.9617609791772258,0.6428216592151018,151.91485381126404,0.0005
0.9378688885718752,0.6639539251283335,0.9302377794372816,0.6612021857923497,154.0397171974182,0.00025
0.9311805544261328,0.663453111305872,0.9359091725801865,0.6552409339294585,153.46268224716187,0.00025
0.929104931403478,0.6610742456491799,0.9453374156890316,0.6502732240437158,151.68537282943726,0.00025
0.9277828120761421,0.6673344184299487,0.9320144781827098,0.6651763537009439,151.25126314163208,0.00025
0.9242846697878596,0.6697132840866408,0.9273556532459477,0.6592151018380527,152.06253838539124,0.00025
0.9293157466365083,0.6611994491047953,0.934141845177254,0.6562344759066071,151.72121238708496,0.00025
0.9206000655512644,0.670464504820333,0.9423010958052368,0.6656731246895181,152.22219610214233,0.00025
0.9155745939720672,0.6724677601101791,0.9332228923282159,0.6587183308494784,154.85369300842285,0.00025
0.9235110218867919,0.6665831976962564,0.9271827498538779,0.6626924987580726,153.15919756889343,0.00025
0.9183415405753558,0.6702140979091022,0.9260741284517761,0.6646795827123696,153.6744019985199,0.00025
0.9157678624543945,0.6738449981219482,0.9262910723626998,0.6621957277694983,150.59183764457703,0.00025
0.9115480108211556,0.6724677601101791,0.916959565549245,0.6676602086438153,153.5810832977295,0.00025
0.9050835044822512,0.671466132465256,0.9201349130745142,0.6726279185295578,155.01927542686462,0.00025
