epoch,train_loss,train_acc,val_loss,val_acc,lr,epoch_time,running_time
1,2.0999,0.243,1.8497,0.316,1.00e-03,118.1,118.1
2,2.0234,0.274,1.8056,0.336,1.00e-03,118.4,236.5
3,2.0039,0.321,2.0911,0.203,1.00e-03,116.0,352.5
4,1.9800,0.357,1.8137,0.413,1.00e-03,123.9,476.4
5,2.0358,0.183,1.8869,0.241,1.00e-03,117.1,593.5
6,2.0129,0.318,1.6736,0.471,1.00e-03,114.5,708.0
7,2.0182,0.318,1.7341,0.452,1.00e-03,117.9,825.9
8,2.0231,0.328,1.9619,0.336,1.00e-03,118.1,944.0
9,1.9870,0.366,1.6473,0.488,1.00e-03,116.0,1060.0
10,1.9704,0.399,1.6747,0.434,1.00e-03,120.5,1180.5
11,1.9845,0.332,1.7306,0.450,1.00e-03,127.5,1308.0
12,1.9541,0.364,1.6530,0.407,1.00e-03,124.4,1432.4
13,1.9523,0.331,1.7277,0.418,1.00e-03,122.3,1554.7
14,1.9364,0.343,1.7661,0.396,5.00e-04,143.4,1698.1
15,1.9379,0.325,1.7005,0.432,5.00e-04,141.2,1839.3
16,1.9399,0.329,1.7711,0.339,5.00e-04,146.5,1985.8
17,1.9494,0.361,1.7607,0.352,5.00e-04,133.4,2119.2
18,1.9259,0.318,1.7291,0.387,2.50e-04,116.5,2235.7
19,1.8976,0.329,1.6962,0.406,2.50e-04,124.8,2360.5
20,1.8649,0.310,1.6768,0.441,2.50e-04,117.0,2477.5
21,1.8852,0.334,1.7569,0.404,2.50e-04,112.1,2589.6
22,1.8782,0.325,1.7299,0.417,1.25e-04,114.7,2704.2
23,1.8252,0.344,1.6754,0.428,1.25e-04,109.6,2813.8
24,1.8438,0.326,1.6776,0.433,1.25e-04,121.1,2934.9
25,1.8326,0.331,1.6587,0.410,1.25e-04,132.3,3067.2
26,1.8281,0.333,1.7169,0.385,6.25e-05,141.5,3208.7
27,1.8489,0.316,1.6674,0.410,6.25e-05,124.6,3333.3
28,1.8323,0.315,1.6693,0.414,6.25e-05,121.3,3454.6
29,1.8282,0.322,1.6758,0.408,6.25e-05,127.4,3582.0
30,1.8505,0.324,1.6837,0.402,3.13e-05,122.9,3704.8
31,1.8105,0.322,1.6471,0.412,3.13e-05,118.6,3823.4