train_loss,train_acc,val_loss,val_acc,epoch_time,lr,running_time
0.7087506518363953,0.64875,0.5679143552780151,0.701,86.87457227706909,0.001,86.87457227706909
0.5648335561752319,0.7025,0.5935818381309509,0.676,82.74413824081421,0.001,169.6187105178833
0.5644165573120117,0.706,0.5441756129264832,0.7115,81.48393774032593,0.001,251.10264825820923
0.5514359016418457,0.72,0.5765828928947448,0.6935,81.94184517860413,0.001,333.04449343681335
0.532910418510437,0.725625,0.5060065402984619,0.7395,81.1612868309021,0.001,414.20578026771545
0.5297496671676636,0.7295,0.5668168663978577,0.706,81.14242506027222,0.001,495.34820532798767
0.509655011177063,0.739875,0.5032709422111511,0.75,83.51218914985657,0.001,578.8603944778442
0.5136370029449463,0.739875,0.6092852349281311,0.6945,83.27995038032532,0.001,662.1403448581696
0.5101830878257752,0.749,0.5909667093753814,0.6885,83.31903028488159,0.001,745.4593751430511
0.5002946228981018,0.758625,0.5128862066268921,0.7435,84.76584362983704,0.001,830.2252187728882
0.49296701622009276,0.762875,0.5075390424728393,0.752,84.0208785533905,0.001,914.2460973262787
0.47799534058570864,0.77275,0.4778090615272522,0.774,82.27891325950623,0.0005,996.5250105857849
0.47391836261749265,0.775625,0.5074720504283905,0.758,82.13089442253113,0.0005,1078.655905008316
0.464511821269989,0.77575,0.49415538167953493,0.756,82.77763748168945,0.0005,1161.4335424900055
0.4704354803562164,0.77675,0.509976840019226,0.748,82.52695345878601,0.0005,1243.9604959487915
0.46523652648925784,0.77825,0.5497877655029297,0.741,83.15133452415466,0.0005,1327.1118304729462
0.4572097318172455,0.78275,0.46137013339996336,0.782,82.89588856697083,0.00025,1410.007719039917
0.4498830518722534,0.78675,0.47645970845222474,0.775,83.47506332397461,0.00025,1493.4827823638916
0.44430336737632753,0.790875,0.4547185196876526,0.7775,82.8166069984436,0.00025,1576.2993893623352
0.44567266082763674,0.788625,0.46835902643203736,0.77,81.78935503959656,0.00025,1658.0887444019318
0.44489661550521853,0.79325,0.46811006546020506,0.7815,83.08932089805603,0.00025,1741.1780652999878
0.43968913197517395,0.792875,0.4718056864738464,0.782,79.070547580719,0.00025,1820.2486128807068
0.442631427526474,0.795,0.451622061252594,0.788,80.24046421051025,0.00025,1900.489077091217
0.4432502250671387,0.79525,0.457705931186676,0.781,80.05573177337646,0.00025,1980.5448088645935
0.4358276119232178,0.800625,0.46331750965118407,0.774,82.90525364875793,0.00025,2063.4500625133514
0.4347127084732056,0.79775,0.45820374727249147,0.787,81.41462779045105,0.00025,2144.8646903038025
0.4390906534194946,0.79375,0.45138438272476195,0.7945,80.7873158454895,0.00025,2225.652006149292
0.4308494038581848,0.803,0.44487766695022585,0.7905,86.97748327255249,0.00025,2312.6294894218445
0.42606258964538574,0.80425,0.4633171577453613,0.779,91.31992793083191,0.00025,2403.9494173526764
0.4311033492088318,0.801625,0.46915860319137576,0.778,128.59389758110046,0.00025,2532.543314933777
