,precision,recall,f1-score,support
MEL,0.47058823529411764,0.4444444444444444,0.45714285714285713,36.0
BCC,0.3103448275862069,0.34615384615384615,0.32727272727272727,26.0
AK,0.0,0.0,0.0,7.0
SCC,0.0,0.0,0.0,5.0
NV,0.6590909090909091,0.8529411764705882,0.7435897435897436,102.0
BKL,0.4,0.1,0.16,20.0
DF,0.0,0.0,0.0,2.0
VASC,0.0,0.0,0.0,2.0
accuracy,0.57,0.57,0.57,0.57
macro avg,0.2300029964964042,0.21794243338360986,0.21100066600066603,200.0
weighted avg,0.5011870735755116,0.57,0.520061938061938,200.0
